"","SRA_Sample","Sample_Name","Grupo_analisis","body_site","molecular_data_type","sex","Group","ShortName"
"1","SRS629372","GTEX-11ZTT-1026-SM-5EQKF",1,"Thyroid","Allele-Specific Expression","female","NIT","11ZTT_NIT"
"2","SRS629803","GTEX-11GSO-0626-SM-5A5LW",1,"Thyroid","RNA Seq (NGS)","male","NIT","11GSO_NIT"
"3","SRS627199","GTEX-Y5V5-0326-SM-5RQJG",1,"Thyroid","RNA Seq (NGS)","female","NIT","Y5V5-_NIT"
"4","SRS389744","GTEX-QEL4-0726-SM-3GIJ5",1,"Thyroid","Allele-Specific Expression","male","NIT","QEL4-_NIT"
"5","SRS374921","GTEX-RU1J-0226-SM-2TF5Y",1,"Thyroid","RNA Seq (NGS)","female","NIT","RU1J-_NIT"
"6","SRS626942","GTEX-111CU-0226-SM-5GZXC",1,"Thyroid","Allele-Specific Expression","male","NIT","111CU_NIT"
"7","SRS526240","GTEX-XUW1-1026-SM-4BONY",1,"Thyroid","Allele-Specific Expression","female","NIT","XUW1-_NIT"
"8","SRS524447","GTEX-X4XY-0826-SM-4E3JM",1,"Thyroid","Allele-Specific Expression","male","NIT","X4XY-_NIT"
"9","SRS639215","GTEX-133LE-0326-SM-5P9G4",1,"Thyroid","RNA Seq (NGS)","female","NIT","133LE_NIT"
"10","SRS629232","GTEX-Y111-1926-SM-4SOIS",1,"Thyroid","RNA Seq (NGS)","male","NIT","Y111-_NIT"
"11","SRS648541","GTEX-13NZ8-0226-SM-5J2OK",2,"Thyroid","Allele-Specific Expression","female","SFI","13NZ8_SFI"
"12","SRS623875","GTEX-117YW-0126-SM-5EGGN",2,"Thyroid","RNA Seq (NGS)","male","SFI","117YW_SFI"
"13","SRS625222","GTEX-13FH7-0126-SM-5KLZ1",2,"Thyroid","Allele-Specific Expression","female","SFI","13FH7_SFI"
"14","SRS333107","GTEX-Q2AH-0726-SM-2I3EA",2,"Thyroid","Allele-Specific Expression","male","SFI","Q2AH-_SFI"
"15","SRS637303","GTEX-139UW-0126-SM-5KM1B",2,"Thyroid","Allele-Specific Expression","male","SFI","139UW_SFI"
"16","SRS625323","GTEX-131XG-0226-SM-5IFG1",2,"Thyroid","RNA Seq (NGS)","female","SFI","131XG_SFI"
"17","SRS644194","GTEX-11TUW-0226-SM-5LU8X",2,"Thyroid","RNA Seq (NGS)","male","SFI","11TUW_SFI"
"18","SRS389523","GTEX-TKQ1-0126-SM-33HB3",2,"Thyroid","RNA Seq (NGS)","male","SFI","TKQ1-_SFI"
"19","SRS626844","GTEX-12ZZY-0826-SM-5EQMT",2,"Thyroid","RNA Seq (NGS)","male","SFI","12ZZY_SFI"
"20","SRS638320","GTEX-13FXS-0726-SM-5LZXJ",2,"Thyroid","RNA Seq (NGS)","male","SFI","13FXS_SFI"
"21","SRS389623","GTEX-TMMY-0826-SM-33HB9",3,"Thyroid","Allele-Specific Expression","female","ELI","TMMY-_ELI"
"22","SRS638114","GTEX-13QJC-0826-SM-5RQKC",3,"Thyroid","Allele-Specific Expression","female","ELI","13QJC_ELI"
"23","SRS627095","GTEX-ZYY3-1926-SM-5GZXS",3,"Thyroid","Allele-Specific Expression","female","ELI","ZYY3-_ELI"
"24","SRS644099","GTEX-YFC4-2626-SM-5P9FQ",3,"Thyroid","Allele-Specific Expression","female","ELI","YFC4-_ELI"
"25","SRS644736","GTEX-11XUK-0226-SM-5EQLW",3,"Thyroid","RNA Seq (NGS)","female","ELI","11XUK_ELI"
"26","SRS374975","GTEX-R55G-0726-SM-2TC6J",3,"Thyroid","RNA Seq (NGS)","female","ELI","R55G-_ELI"
"27","SRS333099","GTEX-PLZ4-1226-SM-2I5FE",3,"Thyroid","RNA Seq (NGS)","female","ELI","PLZ4-_ELI"
"28","SRS629299","GTEX-14ABY-0926-SM-5Q5DY",3,"Thyroid","Allele-Specific Expression","male","ELI","14ABY_ELI"
"29","SRS631283","GTEX-YJ89-0726-SM-5P9F7",3,"Thyroid","RNA Seq (NGS)","male","ELI","YJ89-_ELI"
"30","SRS631169","GTEX-13NZ9-1126-SM-5MR37",3,"Thyroid","RNA Seq (NGS)","male","ELI","13NZ9_ELI"
